Country,tariff_weight
CHN,1.0
HKG,0.0
JPN,0.2519357411501913
MYS,0.49164640346164024
SAU,0.7004167469059621
THA,0.8311433807925961
USA,0.47019935193911255
